No,1,2,3,4,5,6,7,8,9,10,11,12,13,14,15,16,17,18,19,20,21,22,23,24,25,26,27,28,29,30,31,32,33,34,35,36,37,38,39
区分,データ取得日,プレイヤー名情報,プレイヤー名情報,プレイヤー名情報,プレイヤー名情報,ドライブゲージ,ドライブゲージ,ドライブゲージ,ドライブゲージ,ドライブゲージ,ドライブゲージ,ドライブゲージ,ドライブリバーサル,ドライブパリィ,ドライブパリィ,ドライブパリィ,ドライブパリィ,ドライブインパクト,ドライブインパクト,ドライブインパクト,ドライブインパクト,ドライブインパクト,ドライブインパクト,SAゲージ使用割合,SAゲージ使用割合,SAゲージ使用割合,SAゲージ使用割合,スタン,スタン,投げ,投げ,投げ,壁際,壁際,プレイ回数,プレイ回数,プレイ回数,プレイ回数,プレイポイント
項目,データ取得日,プレイヤー名,リーグポイント,ランク,MR,ドライブパリィ,ドライブインパクト,オーバードライブアーツ,パリィドライブラッシュ,キャンセルドライブラッシュ,ドライブリバーサル,ダメージ,使用回数,成功回数,相手のドライブパリィを投げた,自分のドライブパリィを投げられた,ジャストパリィ回数,決めた回数,パニッシュカウンターを決めた回数,相手のドライブインパクトに決めた回数,受けた回数,パニッシュカウンターを受けた回数,相手にドライブインパクトで返された回数,Lv1,Lv2,Lv3,CA,スタンさせた回数,スタンさせられた回数,決めた回数,受けた回数,投げ抜け回数,相手を追い詰めている時間,相手に追い詰められている時間,ランクマッチプレイ回数,カジュアルマッチプレイ回数,ルームマッチプレイ回数,バトルハブマッチプレイ回数,累計プレイポイント
単位,日付,テキスト,数値,テキスト,数値,割合,割合,割合,割合,割合,割合,割合,回,回,回,回,回,回,回,回,回,回,回,割合,割合,割合,割合,回,回,回,回,回,秒,秒,回,回,回,回,数値
1,2026/3/14,dayixiejiao,11539,GOLD3,0,9.01%,6.25%,39.58%,3.77%,5.87%,0.50%,35.00%,0.1,1.6,0.1,0.2,0.2,0.7,0.4,0.2,0.9,0.5,0.1,23.68%,38.15%,30.26%,7.89%,0,0,2,2.6,0.4,4.3,15.3,2433,7,702,465,115421
2,2026/3/14,やきうどん,12836,GOLD5,0,9.44%,3.73%,52.19%,2.13%,9.21%,0.77%,22.48%,0.1,2,0.2,0.4,0.2,0.3,0.2,0,0.7,0.3,0,1.75%,0.00%,50.87%,47.36%,0,0.1,5,2.6,0.5,7.2,6.6,2181,4,0,0,66776
3,2026/3/14,takepi,888668,MASTER,2325,10.34%,3.21%,41.05%,4.00%,20.21%,1.50%,19.65%,0.2,2.5,0.4,0.1,0.6,0.5,0.2,0,0.1,0.1,0,20.47%,61.41%,15.74%,2.36%,0.2,0,1.3,1.7,0.6,10.1,9.2,11881,0,1286,14,377978
4,2026/3/14,hinao,818303,ULTIMATE,2304,12.12%,1.68%,19.93%,5.99%,40.80%,0.71%,18.74%,0.1,1.9,0.2,0.2,0.6,0.2,0.1,0,0.1,0.1,0,39.82%,21.23%,29.20%,9.73%,0.1,0.1,2.5,1.8,0.3,13.2,8.6,26443,0,4794,2,861782
5,2026/3/14,KyuRo,20602,DIAMOND2,0,14.78%,2.78%,13.60%,9.96%,31.85%,0.00%,27.00%,0,1.1,0.1,0,0.2,0.1,0.1,0,0.6,0.4,0.1,36.06%,18.03%,34.42%,11.47%,0,0.1,3.1,2.9,0.3,7.7,8.3,5544,372,6,102,285358
6,2026/3/14,SBI_Hibiki,815205,MASTER,2243,12.66%,1.09%,26.33%,4.01%,27.92%,0.60%,27.35%,0.1,2.8,0.3,0.3,1.3,0.2,0.1,0,0.2,0.1,0,65.32%,23.38%,8.87%,2.41%,0.1,0.1,2.3,2.8,0.8,10.3,10.9,24893,0,9489,533,882603
7,2026/3/14,カメルーン,1144704,MASTER,1500,5.11%,2.12%,13.60%,2.24%,51.88%,1.46%,23.57%,0.2,0.9,0.1,0.2,0.2,0.2,0.1,0,0.2,0.1,0.1,33.63%,14.54%,43.63%,8.18%,0.1,0.1,2.7,2.4,0.3,11.6,13.4,65398,1,10180,53,2064742
8,2026/3/14,その他,25510,MASTER,1407,14.32%,3.08%,36.27%,6.05%,3.00%,10.11%,27.12%,1.3,2.7,0.1,0.3,0.3,0.3,0.2,0.1,0.8,0.5,0,22.35%,25.88%,36.47%,15.29%,0.2,0.1,1.6,2.8,0.6,8.6,11.5,7547,0,31,0,232525
9,2026/3/14,腕太BOT♡,"22,599",DIAMOND3,0,11.94%,2.06%,6.49%,7.68%,47.22%,0.00%,24.58%,0,1,0.2,0.1,0.1,0.2,0.1,0.1,0.5,0.2,0.1,41.46%,13.41%,34.14%,10.97%,0.1,0,2.8,1.4,0.4,8,8.3,789,7,206,110,30759
10,2026/3/14,Enchaketao,163669,MASTER,545,12.89%,5.86%,23.81%,8.93%,26.99%,2.99%,18.49%,0.3,1.3,0.5,0.2,0.2,0.5,0.2,0.1,0.5,0.3,0.1,40.38%,15.38%,31.73%,12.50%,0.1,0.1,1.5,1.6,0.1,10.6,6.9,10057,993,16516,4731,775315
11,2026/3/14,rana,979090,ULTIMATE,2159,13.79%,0.97%,10.38%,8.44%,38.38%,0.52%,27.48%,0.1,1.6,0.2,0.2,0.6,0.1,0.1,0,0.1,0.1,0,27.77%,33.33%,29.16%,9.72%,0,0.1,2.9,2.5,0.4,10.2,10.2,65756,4,15659,198,2167211
12,2026/3/14,もひ!!,802755,ULTIMATE,2128,11.70%,1.57%,21.51%,5.64%,38.04%,0.84%,20.66%,0.1,1.8,0.3,0.3,0.5,0.2,0.1,0,0.2,0,0,42.71%,12.62%,34.95%,9.70%,0,0.1,2.6,2.5,0.6,12.5,9,23713,35,1271,69,784056
13,2026/3/14,Amayui_moka,507408,ULTIMATE,2120,12.64%,1.06%,18.06%,9.01%,31.19%,1.84%,26.16%,0.3,1.2,0.1,0.2,0.3,0.1,0.1,0,0.1,0,0,20.00%,26.15%,40.00%,13.84%,0,0.1,2.5,3,0.7,12.1,10.1,12106,18,10228,872,529013
14,2026/3/14,いけち。,25000,MASTER,1500,10.73%,9.03%,13.28%,6.82%,28.33%,0.51%,31.25%,0.1,0.7,0.3,0.2,0.2,0.7,0.4,0.2,0.3,0.3,0.1,3.70%,38.88%,33.33%,24.07%,0.1,0,2.4,1.9,0.3,10.7,9.9,2606,22,8419,5833,492852
15,2026/3/14,obachan,20199,DIAMOND1,0,11.37%,11.83%,25.30%,7.95%,12.24%,0.00%,31.28%,0,0.3,0.1,0,0,0.9,0.5,0.2,1.1,0.6,0.2,100.00%,0.00%,0.00%,0.00%,0,0.1,1.8,1.5,0,18,5.4,13,0,0,0,535
16,2026/3/14,S1R4SU,"17,942",PLATINUM5,0,11.79%,8.95%,24.28%,6.75%,24.92%,2.82%,20.46%,0.4,1.5,0.2,0.1,0.3,0.9,0.7,0.4,0.8,0.5,0.2,26.02%,24.65%,28.76%,20.54%,0,0.1,3.6,2,0.2,9.3,7.5,3733,1,1695,36,173198
17,2026/3/14,イムムーン,"24,329",DIAMOND5,0,11.05%,2.15%,15.29%,6.80%,35.86%,2.11%,26.72%,0.2,1,0.1,0.1,0.2,0.3,0.2,0.1,0.4,0.2,0.1,23.15%,37.89%,32.63%,6.31%,0,0.2,1.2,1.6,0.1,5.7,13.1,5852,741,429,48,239170
18,2026/3/14,Fede_87,19000,DIAMOND1,0,10.69%,5.65%,13.05%,6.17%,29.56%,3.32%,31.52%,0.4,1.3,0.2,0.1,0.1,0.5,0.3,0.1,0.9,0.5,0.1,25.00%,14.47%,46.05%,14.47%,0,0,2.9,2.4,0.7,3.8,9.2,312,27,0,77,16878
19,2026/3/14,superdaigua,6320,SILVER2,0,3.86%,8.73%,48.34%,3.08%,0.00%,0.10%,35.86%,0,0.1,0,0,0,0.7,0.4,0.1,0.8,0.3,0.1,8.45%,8.45%,56.33%,26.76%,0.1,0.1,1.9,2.4,0.2,4.7,5.6,316,19,311,0,15392
20,2026/3/14,Porraaa,6666,SILVER3,0,16.79%,9.10%,10.83%,11.75%,19.57%,0.00%,31.93%,0,1.2,0.1,0.2,0.3,1,0.7,0.4,1,0.7,0.2,34.93%,4.81%,27.71%,32.53%,0.1,0.1,2.8,2.8,0.4,8.6,7.8,1765,2,0,0,62777
21,2026/3/14,史上最強のししゃも,21498,DIAMOND3,0,6.92%,5.01%,26.28%,3.32%,33.57%,0.00%,24.85%,0,1.2,0.1,0,0.2,0.5,0.3,0.1,0.5,0.3,0.1,38.21%,21.95%,30.08%,9.75%,0.1,0.1,1.7,2.1,0.4,6.3,8.5,600,374,18,0,34965
22,2026/3/14,リプトン,"18,213",PLATINUM5,0,8.83%,11.82%,58.05%,3.20%,0.00%,0.08%,17.98%,0,1.7,0.3,0.1,0.1,1.1,0.6,0.2,0.7,0.4,0.3,36.17%,23.40%,31.91%,8.51%,0.1,0,2.6,2.1,0.5,10.1,4.9,1995,32,86,24,80035
23,2026/3/14,ほーぎく,11886,GOLD4,0,5.31%,2.42%,44.91%,1.84%,0.17%,0.00%,45.32%,0,0.4,0.1,0.1,0.1,0.1,0.1,0,1.2,0.8,0,40.00%,2.85%,28.57%,28.57%,0,0,1.7,2.3,0.4,7.1,5.6,184,0,0,0,19948
24,2026/3/14,リベリア,11395,GOLD2,0,14.98%,2.04%,24.75%,8.62%,4.34%,0.13%,45.12%,0,0.8,0,0.1,0,0.2,0.1,0,1,0.7,0,29.82%,7.01%,28.07%,35.08%,0,0,4,2.4,0.3,4.7,5.7,651,70,0,19,27769
25,2026/3/14,machappachaps,11395,GOLD2,0,4.52%,2.72%,24.30%,1.09%,36.80%,0.00%,30.54%,0,0.7,0.2,0,0.1,0.4,0.3,0.3,0.6,0.4,0,48.14%,11.11%,25.92%,14.81%,0,0,3.8,2.7,0.4,11.6,2.8,182,2,703,0,23320
26,2026/3/14,TTV_ZAZALEAF,"11,392",GOLD2,0,11.51%,23.38%,32.25%,4.38%,0.00%,0.17%,28.28%,0,1.3,0.1,0.3,0.1,2.1,1.4,0.2,0.9,0.5,0.3,10.97%,10.97%,50.00%,28.04%,0,0,4.8,3,0.3,6.6,5.5,194,10,0,0,6054
27,2026/3/14,ひぐち！,768856,ULTIMATE,2302,15.47%,1.22%,8.61%,10.57%,37.91%,1.36%,24.82%,0.2,1.5,0.3,0.3,0.6,0.2,0.1,0.1,0.1,0,0,51.59%,35.03%,10.82%,2.54%,0,0,2,2.8,0.5,9.5,11.6,16765,21,14732,1448,804743
28,2026/3/14,YHC-餅,923957,ULTIMATE,2295,8.51%,1.88%,11.47%,4.21%,45.48%,3.61%,24.81%,0.5,1,0.1,0.4,0.4,0.3,0.2,0.1,0.1,0,0,52.84%,12.19%,24.39%,10.56%,0.1,0,1.9,2.5,0.5,7.8,15.2,34506,0,8145,1,1140826
29,2026/3/14,Hand Me Downs,369664,ULTIMATE,2243,14.05%,0.72%,12.05%,8.91%,40.81%,0.50%,22.93%,0.1,1.6,0.2,0.2,0.9,0.1,0.1,0,0.1,0.1,0,7.69%,21.97%,59.34%,10.98%,0,0,1.6,2,0.6,13.9,8.1,22611,338,23336,120,967491
30,2026/3/14,PC6Akira,319503,ULTIMATE,2241,9.54%,1.68%,16.14%,3.94%,39.76%,1.05%,27.85%,0.1,1.8,0.2,0.2,0.6,0.2,0.2,0,0.1,0.1,0,45.66%,17.32%,25.19%,11.81%,0.1,0,2.2,2.9,0.5,15.7,11.1,18573,0,27105,153,855108
31,2026/3/14,路易十二,356589,ULTIMATE,2237,11.74%,1.10%,20.01%,7.13%,35.18%,0.24%,24.55%,0,1.3,0.2,0.2,0.4,0.2,0.1,0,0.1,0,0,46.61%,17.29%,27.06%,9.02%,0.1,0,3.1,2.1,0.5,14.3,8.9,16790,7,15303,61,683566
32,2026/3/14,三田JP,799456,ULTIMATE,2232,14.00%,2.37%,35.34%,7.05%,21.66%,0.32%,19.22%,0,2.4,0.6,0.2,1,0.5,0.1,0.1,0.1,0.1,0,15.33%,73.33%,8.00%,3.33%,0.2,0,1.6,2,0.1,12.7,11.7,22012,0,281,93,681052
33,2026/3/14,-DingChunQiu-,400800,ULTIMATE,2231,11.99%,1.81%,29.69%,6.01%,24.22%,0.36%,25.88%,0,1.7,0.4,0.4,0.9,0.3,0.1,0,0.1,0.1,0,20.45%,53.78%,18.18%,7.57%,0.1,0,1.5,2.3,0.5,14.1,13.9,26740,7,20805,145,1038045
34,2026/3/14,@Sycom┃zabutonn,821341,ULTIMATE,2227,13.87%,1.83%,28.31%,7.73%,25.48%,0.31%,22.43%,0,1.3,0.2,0.4,1,0.2,0.1,0,0.3,0.2,0.1,36.13%,38.65%,16.80%,8.40%,0.1,0.1,1.7,1.5,0.3,10.7,8.1,29702,337,30462,1304,1355783
35,2026/3/14,ABOOD-BBOY,61512,ULTIMATE,2226,11.20%,1.55%,25.43%,8.03%,31.73%,1.40%,20.64%,0.2,1,0.4,0,0.4,0.2,0.2,0.1,0.2,0.1,0,26.31%,36.84%,26.31%,10.52%,0.1,0,2.6,1.3,0.3,14.8,6,22746,0,17373,20,878662
36,2026/3/14,ランダム,171001,ULTIMATE,2223,8.67%,1.16%,24.02%,3.48%,44.61%,0.07%,17.96%,0,2,0.2,0.1,0.7,0.1,0.1,0,0.1,0,0,22.91%,16.66%,56.25%,4.16%,0.1,0,1.7,1.4,0.3,15.7,4.9,9308,6,107,205,290088
37,2026/3/14,我是贤师傅，今天求求你让我赢,455955,ULTIMATE,2222,13.28%,2.72%,21.07%,7.84%,31.99%,0.91%,22.15%,0.1,2.1,0.4,0.1,0.6,0.6,0.4,0.3,0.4,0.2,0,30.76%,41.95%,19.58%,7.69%,0.2,0.1,2,1.7,0.5,20.4,6.9,12424,23,15163,300,572377
38,2026/3/14,kuromame,839535,ULTIMATE,2217,8.84%,0.94%,13.28%,4.97%,47.88%,2.58%,21.47%,0.4,1.6,0.2,0.1,0.6,0.2,0,0,0.1,0,0,51.81%,15.45%,29.09%,3.63%,0.1,0.1,2.4,2.1,0.9,19.4,8.8,58985,63,3990,679,1873861
39,2026/3/14,Shuto,546123,ULTIMATE,2217,12.17%,2.67%,23.41%,7.83%,34.26%,0.99%,18.62%,0.1,1.5,0.3,0.1,0.5,0.4,0.2,0.1,0.3,0.1,0.1,50.65%,20.39%,25.00%,3.94%,0.2,0.1,2.5,1.8,0.5,13,7.4,35470,1,29509,715,1498988
40,2026/3/14,.YAS.,-1,,2217,14.08%,1.26%,24.61%,7.82%,25.15%,0.53%,26.51%,0.1,2,0.5,0.2,0.8,0.1,0,0,0.1,0.1,0,32.69%,21.15%,39.42%,6.73%,0.1,0.1,2.8,2.7,0.7,10.4,9.6,14581,36,4480,19967,1296158
41,2026/3/14,Seiya,821847,ULTIMATE,2216,9.92%,0.67%,11.10%,5.23%,46.47%,0.52%,26.05%,0.1,1.2,0.4,0.1,1.1,0.1,0.1,0,0.1,0,0,35.77%,33.02%,21.10%,10.09%,0,0,2.8,2.3,0.5,12.9,9.4,27547,21,11283,7774,1312582
42,2026/3/14,DakCorgi,760543,ULTIMATE,2216,12.66%,1.61%,30.12%,4.42%,19.74%,3.63%,27.77%,0.5,2.2,0.3,0.2,1.1,0.2,0.2,0.1,0.2,0.1,0,46.40%,29.60%,15.20%,8.80%,0.1,0.1,1.8,2.4,0.7,14,8.4,60493,11,5636,3617,2071773
43,2026/3/14,2G Brayan_Job,595524,ULTIMATE,2216,16.65%,1.31%,14.70%,9.99%,35.90%,0.20%,21.21%,0,2.3,0.4,0.2,1.4,0.1,0.1,0,0.1,0,0,24.13%,27.58%,37.06%,11.20%,0.1,0,2.3,2.3,0.3,14.2,8.5,12532,1,7250,0,454384
44,2026/3/14,プルプルなぷる,745673,ULTIMATE,2215,14.89%,1.30%,22.95%,7.81%,29.11%,0.60%,23.31%,0.1,2.3,0.2,0.4,0.8,0.2,0.1,0,0.3,0.2,0.1,24.74%,21.64%,44.32%,9.27%,0.1,0.2,2.1,3,0.6,12.5,13.6,37396,69,2810,1586,1241987
45,2026/3/14,Nashi_espopia,443653,ULTIMATE,2213,12.01%,0.27%,14.68%,3.63%,10.18%,0.13%,59.06%,0,1.6,0.1,0.1,0.5,0,0,0,0.1,0.1,0,39.80%,23.30%,28.15%,8.73%,0,0,2.4,3.4,0.8,5.2,15.3,54802,293,1836,11206,2121052
46,2026/3/14,karura,-1,,2211,17.44%,1.00%,15.41%,13.25%,24.23%,3.20%,25.45%,0.4,1,0.4,0.3,0.4,0.1,0,0,0.2,0.1,0,40.74%,13.58%,30.86%,14.81%,0.1,0,2.7,1.9,0.4,17.2,10.6,13128,380,22177,13175,1361681
47,2026/3/14,ゴトーー,784709,ULTIMATE,2211,8.59%,1.99%,12.41%,3.47%,50.84%,0.31%,22.36%,0,1.6,0.2,0.1,0.5,0.2,0.2,0.1,0.1,0.1,0,31.62%,39.31%,23.07%,5.98%,0.1,0.1,3.3,2.5,1.2,14.5,8.5,34500,31,27747,7008,1646016
48,2026/3/14,shion,243562,ULTIMATE,2210,11.45%,1.51%,13.91%,5.88%,43.03%,1.22%,22.95%,0.2,1.6,0.3,0.2,0.8,0.2,0.1,0.1,0.2,0.1,0.1,26.66%,38.09%,23.80%,11.42%,0.1,0,2.5,2.3,0.1,12.1,8.7,32354,87,4287,243,1116260
49,2026/3/14,Kushina,353112,ULTIMATE,2209,15.46%,0.96%,26.79%,9.36%,23.64%,1.25%,22.50%,0.2,1.9,0.3,0.1,0.8,0.1,0.1,0,0.2,0.1,0,14.77%,39.77%,34.09%,11.36%,0,0.1,2.3,1.7,0.4,14.4,7.4,27175,27,24496,5456,1403840
50,2026/3/14,LaVISION。ジョジョ太郎,827587,ULTIMATE,2209,10.62%,1.09%,15.27%,6.78%,47.19%,0.49%,18.52%,0.1,1.2,0.2,0.1,0.6,0.1,0,0,0.2,0.1,0,21.11%,34.44%,32.22%,12.22%,0.1,0.1,2.2,1.7,0.4,16.9,7.2,50005,16,7293,523,1638476
51,2026/3/14,でんせつえすぴ～,851098,ULTIMATE,2209,13.08%,1.33%,25.19%,8.76%,24.11%,1.01%,26.48%,0.1,1.3,0.3,0.2,0.7,0.1,0,0,0.1,0.1,0,51.23%,4.13%,29.75%,14.87%,0.1,0,3,2,0.3,12.4,8.9,17656,0,3039,17,567450
52,2026/3/14,めんたらこ,826631,ULTIMATE,2208,15.84%,3.06%,14.32%,10.61%,34.45%,1.25%,20.43%,0.2,1.4,0.3,0.2,0.6,0.4,0.3,0.1,0.3,0.2,0.1,22.98%,34.48%,25.28%,17.24%,0.1,0.1,3.5,2.4,0.4,8.6,8.5,49284,342,2093,80,1531648
53,2026/3/14,Seichi（せいち）,790700,ULTIMATE,2206,17.29%,4.35%,18.62%,9.31%,29.28%,0.78%,20.34%,0.1,2.6,0.2,0.5,0.8,0.4,0.2,0.1,0.3,0.2,0.1,35.13%,45.04%,16.21%,3.60%,0.1,0,1.4,2.4,0.4,13.4,8.4,49863,0,10639,3452,1860874
54,2026/3/14,inaba,323400,ULTIMATE,2205,15.97%,1.29%,22.28%,9.60%,26.40%,0.64%,23.79%,0.1,1.8,0.4,0.3,1,0.2,0.2,0.1,0.2,0.1,0,28.57%,15.58%,36.36%,19.48%,0.1,0.1,3.2,2.1,0.9,12,6.9,48537,38,5421,208,1554577
55,2026/3/14,Zhen,795745,ULTIMATE,2205,12.63%,1.96%,23.17%,5.75%,30.08%,2.62%,23.76%,0.3,1.6,0.3,0.3,0.7,0.2,0.2,0.1,0.1,0.1,0,39.56%,13.18%,42.85%,4.39%,0,0,3.6,2.3,0.5,14.8,8.8,42525,2,14872,698,1504387
56,2026/3/14,Taisei,80302,ULTIMATE,2205,15.37%,1.45%,13.03%,7.09%,36.36%,1.62%,25.06%,0.2,2.6,0.4,0.3,1.4,0.2,0.1,0.1,0.2,0.1,0,22.22%,37.96%,32.40%,7.40%,0.1,0.1,2.9,2.4,0.4,11.5,9.1,43649,305,7605,342,1455344
57,2026/3/14,niruhiru PC,740868,ULTIMATE,2205,15.84%,1.79%,22.47%,9.05%,23.65%,1.21%,25.95%,0.2,2.2,0.4,0.3,0.7,0.2,0.1,0.1,0.2,0,0,32.80%,54.40%,8.00%,4.80%,0.1,0,2.3,2.4,0.4,13,10.2,25114,14,4169,1470,875406
58,2026/3/14,kosaku,657565,ULTIMATE,2203,8.92%,0.97%,19.09%,6.20%,40.39%,0.16%,24.24%,0,0.8,0,0.1,0.3,0.1,0,0,0.1,0.1,0,37.62%,15.84%,35.64%,10.89%,0,0.1,1.5,1.9,0.5,20.5,7,35217,1,15467,1771,1322419
59,2026/3/14,Nth＿satoru,851939,ULTIMATE,2203,9.34%,3.01%,10.57%,4.02%,46.26%,1.83%,24.94%,0.2,2.2,0.3,0.1,0.4,0.4,0.2,0.1,0.3,0.2,0.1,20.79%,40.59%,28.71%,9.90%,0.2,0,2.2,1.8,0.2,13.1,9.2,55756,0,11224,78,1823875
60,2026/3/14,らおやむやむ☆ハイハイ謝謝♪,20661,DIAMOND2,2202,13.26%,1.40%,13.53%,4.25%,40.99%,4.08%,22.45%,0.6,3.2,0.2,0.1,1.3,0.3,0.2,0.1,0.2,0.1,0,50.53%,15.05%,29.03%,5.37%,0.1,0.1,2.1,2.2,0.6,8,8.8,38600,109,19438,269,1395586
61,2026/3/14,ネコと和解せよ,566374,ULTIMATE,2202,17.69%,1.40%,32.95%,12.89%,12.85%,1.94%,20.24%,0.3,1.9,0.2,0.1,0.2,0.2,0.1,0.1,0.2,0.1,0,29.62%,23.45%,38.27%,8.64%,0.1,0,2.3,1.7,0.6,10.9,8.2,7755,0,2517,10048,686148
62,2026/3/14,Torimeshi,810340,ULTIMATE,2201,14.64%,2.19%,18.42%,10.52%,27.52%,8.26%,18.42%,1.1,1.1,0.2,0.2,0.7,0.3,0.1,0,0.1,0.1,0,52.94%,7.84%,35.29%,3.92%,0.1,0,1.9,2.1,0.6,7.3,11.4,25752,0,12460,320,969222
63,2026/3/14,BonchanRB,-1,,2201,13.26%,1.35%,13.29%,8.26%,35.23%,1.35%,27.23%,0.2,1.3,0.2,0.2,0.6,0.2,0.1,0,0.1,0.1,0,15.00%,26.25%,45.00%,13.75%,0,0,1.9,2.4,0.7,13.1,9.3,16648,0,28410,521,875942
64,2026/3/14,-sai,782907,ULTIMATE,2200,15.78%,0.74%,7.99%,7.21%,43.71%,2.16%,22.37%,0.3,3.3,0.6,0.2,1.3,0.1,0.1,0.1,0.1,0.1,0,21.73%,27.53%,42.02%,8.69%,0,0,4.6,2.1,0.7,12.3,6.9,40380,0,18605,664,1458125
65,2026/3/14,カンフーマスターpc,269928,ULTIMATE,2200,19.05%,3.52%,25.57%,11.73%,3.15%,1.23%,35.71%,0.1,1.4,0.4,0.2,0.5,0.3,0.1,0,0.1,0.1,0,18.18%,43.18%,30.68%,7.95%,0.1,0,2.7,2.4,0.7,12.9,7.1,13250,0,111,0,417938
66,2026/3/14,JACK_DOLL,837307,ULTIMATE,2199,15.08%,1.36%,18.63%,9.23%,27.76%,0.99%,26.91%,0.1,1.6,0.1,0.2,0.6,0.2,0.1,0,0.1,0.1,0,29.76%,4.76%,52.38%,13.09%,0,0.1,1.9,2,0.5,8.6,9.2,54305,0,4498,1071,1737497
67,2026/3/14,SURINI,475360,ULTIMATE,2196,14.69%,2.14%,20.47%,10.77%,31.43%,1.42%,19.04%,0.2,1.3,0.2,0.2,0.5,0.2,0.1,0,0.1,0.1,0,11.82%,15.05%,62.36%,10.75%,0.1,0,3.2,2.3,0.4,15.2,8.3,34055,43,1850,195,1075523
68,2026/3/14,GjijiiG,864802,ULTIMATE,2196,16.79%,1.91%,23.62%,13.57%,21.50%,2.43%,20.16%,0.3,0.9,0.5,0.2,0.2,0.1,0,0,0.1,0.1,0,28.42%,27.36%,34.73%,9.47%,0.2,0,2.1,2.3,0.8,11.8,6.6,55970,511,12129,4141,2027099
69,2026/3/14,Dual_Kevin,613406,ULTIMATE,2191,11.17%,0.79%,17.79%,5.48%,27.88%,3.90%,32.95%,0.5,1.8,0.3,0.2,0.9,0.1,0,0,0.2,0.1,0,29.00%,51.00%,15.00%,5.00%,0,0.1,2,2.5,0.4,14.5,10.3,16256,18,23173,208,742484
70,2026/3/14,Cedric,81674,ULTIMATE,2188,9.06%,2.33%,23.34%,4.34%,34.90%,0.00%,26.01%,0,1.5,0.5,0,0.6,0.3,0.2,0.1,0.1,0.1,0,76.28%,4.63%,16.49%,2.57%,0,0,6.3,2.7,2.2,17,5.8,1873,0,85,0,56546
71,2026/3/14,あくたがわ,239282,ULTIMATE,2188,8.46%,1.48%,22.31%,3.68%,40.07%,1.66%,22.31%,0.2,1.6,0.2,0.1,0.7,0.2,0.1,0,0.1,0,0,24.50%,7.84%,53.92%,13.72%,0,0,2.2,1.5,0.5,13.6,6.1,57852,398,7504,4264,2040241
72,2026/3/14,光のZeno,471426,ULTIMATE,2187,15.65%,2.50%,32.10%,9.28%,22.69%,0.83%,16.91%,0.1,2.3,0.5,0.2,0.7,0.3,0.1,0,0.1,0.1,0,9.55%,82.35%,8.08%,0.00%,0.3,0,3.4,1.5,0.2,17,8.4,9210,838,39516,1426,831548
73,2026/3/14,ACR Ayasaka,611263,ULTIMATE,2184,22.99%,1.63%,14.07%,13.02%,21.47%,2.29%,24.49%,0.3,2.8,0.2,0.3,1.2,0.3,0.1,0,0.2,0.1,0,46.72%,12.14%,35.51%,5.60%,0,0.1,1.8,2.2,0.3,12.2,11.2,5281,0,545,9,166077
74,2026/3/14,ナショナル動かせ,559321,ULTIMATE,2180,11.07%,0.84%,21.37%,4.78%,35.07%,1.31%,25.51%,0.2,2,0.1,0.1,1,0.1,0.1,0,0.1,0,0,21.53%,10.76%,49.23%,18.46%,0,0,1.8,2.4,0.8,13,8.5,37913,427,11026,411,1314053
75,2026/3/14,susa,813067,ULTIMATE,2175,10.84%,1.81%,28.27%,6.90%,31.15%,0.74%,20.26%,0.1,1.3,0.4,0.2,0.1,0.2,0.1,0,0.2,0.1,0.1,35.91%,52.11%,7.74%,4.22%,0.1,0.1,2.7,1.5,0.1,10.3,10.1,15153,4372,5825,1772,791461
76,2026/3/14,tako956402,822651,ULTIMATE,2242,15.93%,0.65%,16.83%,8.32%,39.50%,0.65%,18.08%,0.1,2,0.3,0.2,0.8,0.1,0.1,0,0.1,0,0,30.57%,15.70%,47.93%,5.78%,0,0,3.5,2.2,0.4,16.6,7.4,46096,528,4436,691,1520478
77,2026/3/14,さうたむ | 3S,990441,ULTIMATE,2210,11.91%,2.26%,9.69%,6.55%,46.63%,1.23%,21.69%,0.2,1.6,0.2,0.3,0.7,0.3,0.2,0.1,0.1,0.1,0.1,45.90%,16.39%,27.04%,10.65%,0.1,0.1,3,2.3,0.7,13.4,8.3,121414,523,6696,10246,4163287
78,2026/3/14,enigma,19785,DIAMOND1,0,17.26%,2.90%,28.41%,8.99%,18.14%,0.30%,23.97%,0,2.2,0.2,0.4,1.1,0.4,0.3,0.2,0.3,0.2,0.1,36.48%,20.27%,25.67%,17.56%,0.1,0.1,1.9,2.7,0.8,9.2,11.8,19471,74,7684,2538,810536
79,2026/3/14,nao999q,163851,GRAND,1765,10.24%,1.55%,25.04%,5.26%,38.76%,0.48%,18.63%,0.1,2,0.2,0.1,0.5,0.2,0.1,0.1,0.2,0.1,0,21.05%,17.89%,44.21%,16.84%,0.1,0,2.4,1.6,0.2,12.2,7.7,39313,67,7187,1285,1337751
80,2026/3/14,Hurricane,1144704,MASTER,0,5.11%,2.12%,13.60%,2.24%,51.88%,1.46%,23.57%,0.2,0.9,0.1,0.2,0.2,0.2,0.1,0,0.2,0.1,0.1,33.63%,14.54%,43.63%,8.18%,0.1,0.1,2.7,2.4,0.3,11.6,13.4,65398,1,10180,53,2064742
81,2026/3/14,RocksteadyBR,973525,ULTIMATE,1854,12.10%,6.36%,32.52%,5.95%,20.69%,3.12%,19.23%,0.4,1.9,0.4,0.2,0.3,0.6,0.3,0.1,0.3,0.1,0.1,33.33%,63.52%,1.88%,1.25%,0.2,0.1,2.5,1.3,0.3,12.7,8.1,72785,1,7949,689,2304816
82,2026/3/14,Ctown88,949323,MASTER,0,16.17%,3.69%,37.20%,10.89%,12.22%,0.00%,19.80%,0,1.9,0.2,0.1,0.2,0.4,0.2,0.1,0.1,0.1,0,23.91%,17.39%,53.26%,5.43%,0.1,0,1.7,1.2,0.4,15.5,3.6,43023,6277,269,3060,1653013
83,2026/3/14,Broski,948194,ULTIMATE,2121,15.75%,2.37%,13.30%,9.38%,28.73%,3.64%,26.80%,0.4,1.9,0.2,0.3,0.4,0.3,0.2,0.1,0.3,0.3,0,42.39%,13.04%,34.78%,9.78%,0.1,0,1.9,2.2,0.7,8.1,13.2,49914,0,4864,215,1575050
84,2026/3/14,tomorock21,934105,ULTIMATE,2153,16.16%,1.33%,23.66%,10.62%,23.24%,0.91%,24.04%,0.1,1.6,0.2,0.1,0.3,0.2,0.1,0.1,0.2,0.1,0,50.87%,19.29%,23.68%,6.14%,0.1,0,2.8,2.4,0.6,13.8,9.2,62575,360,4561,544,1980961
85,2026/3/14,taketake-piano,923538,MASTER,0,12.29%,1.84%,50.03%,5.55%,7.02%,0.62%,22.61%,0.1,2.8,0.4,0.3,0.6,0.4,0.1,0,0.2,0.1,0,6.09%,90.24%,2.43%,1.21%,0,0,1.2,2.8,0.7,7.7,21,63340,142,13579,860,2140101
86,2026/3/14,SETHsational,916294,ULTIMATE,1983,13.41%,1.40%,29.35%,9.08%,22.69%,5.34%,18.69%,0.6,1,0.3,0.1,0.3,0.2,0,0,0.2,0.1,0,25.30%,16.86%,43.37%,14.45%,0.1,0,1,1.8,0.5,13,5.8,62720,99,664,21,1810182
87,2026/3/14,Arthuro-Ray,913473,ULTIMATE,1951,11.39%,3.64%,33.75%,5.82%,23.49%,0.41%,21.47%,0,1.9,0.2,0.2,0.3,0.4,0.3,0.1,0.2,0.1,0.1,77.12%,13.29%,6.91%,2.65%,0.1,0.1,2.6,1.6,0.4,13.2,7.8,46108,16,510,0,1387449
88,2026/3/14,Kuma,905401,ULTIMATE,2015,11.37%,3.86%,38.44%,7.02%,20.76%,0.57%,17.95%,0.1,1.9,0.7,0,0.3,0.6,0.4,0.1,0.3,0.2,0.1,20.30%,47.36%,27.06%,5.26%,0.1,0,2,1.5,0.3,7.6,14.2,36926,2,3508,277,1177898
89,2026/3/14,NatsuNashi,893424,ULTIMATE,2096,11.74%,0.65%,23.40%,6.69%,27.27%,0.00%,30.22%,0,1.4,0.3,0.1,0.6,0.1,0,0,0.1,0.1,0,48.19%,16.86%,25.30%,9.63%,0.1,0,2.6,2.6,0.7,13.2,8.1,71436,116,2663,424,2216711
90,2026/3/14,BIG RIG,891520,ULTIMATE,1851,10.41%,5.44%,16.39%,8.03%,35.57%,4.53%,19.60%,0.6,1.1,0.1,0.1,0.1,0.5,0.3,0.1,0.7,0.5,0.2,9.52%,60.00%,26.66%,3.80%,0.2,0.2,2.4,2.2,0.8,9.6,9,76284,142,6197,1417,2443277
91,2026/3/14,noahtheprodigy,632401,ULTIMATE,2065,18.73%,1.61%,14.09%,9.95%,37.78%,0.65%,17.15%,0.1,2.5,0.2,0.3,0.7,0.2,0.1,0,0.2,0.1,0,18.42%,14.47%,52.63%,14.47%,0,0.1,3.1,2.2,0.9,15.5,9.8,44715,16,18059,61,1519128
92,2026/3/14,とす__,885866,ULTIMATE,2121,11.78%,1.44%,25.92%,5.05%,31.70%,1.48%,22.59%,0.2,1.8,0.2,0.2,0.9,0.2,0.2,0.1,0.1,0,0,19.16%,65.00%,12.50%,3.33%,0.1,0,2.6,1.8,0.3,13.9,9.5,48495,128,7423,941,1608212
93,2026/3/14,MIDORI,26086,MASTER,0,16.13%,1.88%,25.41%,9.77%,21.16%,1.84%,23.78%,0.3,1.8,0.3,0.4,0.6,0.2,0.2,0,0.2,0.1,0,37.16%,37.16%,20.35%,5.30%,0.1,0.1,2.4,2.6,0.5,8.7,7.1,66712,433,7557,6842,2505926
94,2026/3/14,NLNL,26178,MASTER,1506,13.26%,1.71%,18.70%,7.28%,30.05%,1.54%,27.42%,0.2,1.3,0.2,0.2,0.8,0.3,0.2,0.1,0.2,0.1,0,26.21%,45.63%,24.27%,3.88%,0,0.1,1.9,2.3,0.4,8.9,9.4,64951,30,7610,252,2101874
95,2026/3/14,kobayan,875812,ULTIMATE,2118,14.70%,2.02%,14.75%,8.88%,29.40%,1.82%,28.39%,0.2,1.7,0.3,0.3,0.4,0.2,0.2,0,0.3,0.2,0.1,23.45%,56.79%,18.51%,1.23%,0.1,0.1,2.5,3.2,0.5,5.4,14.8,38818,7,10834,359,1316248
96,2026/3/14,SnakeEyez,875092,ULTIMATE,2097,13.33%,3.38%,17.63%,8.95%,29.87%,2.28%,24.52%,0.3,1.1,0.2,0.2,0.8,0.4,0.2,0.1,0.3,0.2,0.1,15.21%,60.86%,18.47%,5.43%,0.1,0.1,3,1.9,0.4,4.2,8.9,49438,29,330,2207,1637829
97,2026/3/14,"古来からの""DDT""zunda",873919,ULTIMATE,1896,10.93%,0.88%,15.24%,5.63%,46.16%,0.35%,20.78%,0,1.9,0.2,0.2,0.5,0.1,0,0,0.3,0.1,0,18.08%,30.85%,44.68%,6.38%,0,0.1,3.1,2.1,0.3,13.5,8.7,62530,129,4813,369,1980518
98,2026/3/14,JBJB,872527,ULTIMATE,2139,10.77%,1.39%,16.74%,5.33%,42.60%,1.32%,21.81%,0.2,1.7,0.1,0.1,0.9,0.1,0.1,0,0.2,0.1,0.1,16.00%,73.33%,8.66%,2.00%,0.2,0.1,2.8,1.9,0.3,19.5,6.8,29999,0,14912,174,1078185
99,2026/3/14,JUNINHO-RAS,332028,GRAND,1708,9.42%,1.72%,25.64%,4.69%,40.27%,0.73%,17.50%,0.1,1.3,0.2,0.2,0.8,0.2,0.2,0.1,0.2,0.1,0.1,50.38%,24.42%,20.61%,4.58%,0,0.1,2,1.8,0.5,10.6,9.2,62464,81,8392,145,1971733
100,2026/3/14,激動のマタドール,869117,ULTIMATE,2125,14.47%,0.97%,18.90%,10.01%,26.66%,0.22%,28.74%,0,1.5,0.2,0.1,0.6,0.1,0.1,0.1,0.2,0.1,0,23.07%,54.80%,17.30%,4.80%,0,0,2.7,3.2,0.9,8.5,12.9,79744,146,7660,1322,2567580
101,2026/3/14,HorusPaulin,735651,ULTIMATE,1976,10.39%,3.20%,24.38%,7.17%,36.46%,2.11%,16.26%,0.3,1.4,0.2,0.2,0.3,0.5,0.3,0.1,0.1,0.1,0.1,18.36%,24.48%,47.95%,9.18%,0.1,0,2.3,1.7,0.4,18.6,5.1,63983,11,5339,48,1980373
102,2026/3/14,Augbir,865399,ULTIMATE,1968,13.33%,2.49%,21.92%,9.58%,29.20%,0.67%,22.77%,0.1,0.8,0.4,0.1,0.3,0.3,0.2,0.1,0.4,0.2,0.1,40.90%,2.27%,45.45%,11.36%,0.1,0.1,1.7,2.1,0.4,10.9,7.9,48537,208,344,0,1466869
103,2026/3/14,レオ＿00,864548,ULTIMATE,2115,11.24%,3.59%,19.92%,7.20%,32.55%,2.90%,22.58%,0.4,1.2,0.3,0.2,0.3,0.4,0.3,0.1,0.4,0.3,0.1,15.83%,68.33%,11.66%,4.16%,0.1,0,3.2,1.8,0.5,14.7,7.8,89956,21,2086,1421,2804127
104,2026/3/14,えびはら,862698,ULTIMATE,2156,12.34%,0.74%,17.14%,5.43%,36.94%,1.79%,25.58%,0.2,2.3,0.2,0.1,1.2,0.1,0,0,0.2,0.1,0,28.70%,51.85%,17.59%,1.85%,0,0.1,3.1,2.1,0.5,10.4,9.4,37263,16,10377,9248,1685210
105,2026/3/14,thebeluvdtrex,860739,GRAND,1731,10.65%,1.15%,26.01%,2.96%,25.55%,5.18%,28.46%,0.6,1.8,0.3,0.5,0.5,0.1,0,0,0.2,0.1,0,39.34%,18.03%,36.88%,5.73%,0.1,0,3.6,2.7,0.2,13.5,9.4,65417,340,0,99,1963568
106,2026/3/14,うにめる,858381,ULTIMATE,1958,19.18%,1.83%,16.43%,11.27%,23.33%,1.48%,26.44%,0.2,2,0.2,0.3,0.7,0.2,0.1,0,0.2,0.1,0.1,22.00%,18.00%,42.00%,18.00%,0.1,0,2,1.9,0.3,14.4,9.1,43454,68,2423,65,1337135
107,2026/3/14,Meg5,851479,ULTIMATE,2171,13.37%,2.12%,19.00%,7.91%,36.82%,2.99%,17.76%,0.4,2.1,0.3,0.4,0.6,0.4,0.4,0.2,0.2,0.1,0,55.00%,11.66%,23.33%,10.00%,0.1,0.1,3.1,1.8,0.4,9.7,8.1,74034,45,3928,697,2342092
108,2026/3/14,zangief_bolado,353656,ULTIMATE,1839,15.21%,0.91%,14.76%,8.07%,38.47%,0.87%,21.68%,0.1,2.2,0.1,0.3,0.9,0.1,0.1,0.1,0.2,0.1,0,15.49%,40.84%,35.21%,8.45%,0,0.1,2.4,2.1,0.6,5.3,11.3,35427,0,31436,216,1394818
109,2026/3/14,ゆかりさん,844460,ULTIMATE,2062,14.09%,1.38%,25.86%,6.64%,27.07%,2.98%,21.94%,0.4,2.6,0.4,0.2,0.7,0.2,0,0,0.2,0.1,0,23.57%,74.28%,1.42%,0.71%,0.1,0.1,2.8,2.1,0.3,14.3,7.8,29728,4,2547,112,936742
110,2026/3/14,HOT丨PandaSaku,844112,ULTIMATE,2074,15.87%,1.80%,11.60%,9.82%,33.26%,1.84%,25.78%,0.2,1.7,0.3,0.2,0.4,0.2,0.1,0,0.1,0,0,25.33%,8.00%,54.66%,12.00%,0.1,0.1,3.4,2,0.9,14.7,8.4,62734,1,8221,135,1982128
111,2026/3/14,山田の隣,842484,ULTIMATE,2147,6.74%,3.19%,26.30%,3.65%,39.15%,1.88%,19.06%,0.3,1.1,0.3,0.1,0.5,0.4,0.2,0.1,0.2,0.2,0,24.08%,61.31%,13.13%,1.45%,0.2,0.1,2.8,2.4,0.7,17.7,8.6,32658,2465,2988,26516,2088870
112,2026/3/14,3S/宗蔵,64713,GRAND,1704,18.43%,1.78%,9.50%,8.57%,33.64%,0.62%,27.42%,0.1,3.2,0.4,0.2,1.5,0.3,0.2,0.1,0.2,0.1,0,71.11%,0.74%,18.51%,9.62%,0.1,0.1,3.4,3,1.2,10.3,9.1,73368,98,6036,622,2325002
113,2026/3/14,あーるえいち＿Twitch,836450,ULTIMATE,2143,15.73%,0.58%,16.34%,7.96%,30.93%,0.82%,27.60%,0.1,2.9,0.5,0.2,0.9,0.1,0.1,0,0.2,0.1,0,34.14%,20.73%,31.70%,13.41%,0,0.1,1.9,3.4,0.8,9.4,12.3,42853,65,738,1127,1360202
114,2026/3/14,kincho,836135,ULTIMATE,2168,16.12%,1.47%,10.40%,10.65%,39.75%,1.82%,19.74%,0.3,1.9,0.2,0.2,0.7,0.2,0.1,0,0.2,0,0,28.71%,23.76%,37.62%,9.90%,0.1,0,2.5,2,0.4,14.3,8.9,51418,46,12853,2882,1867749
115,2026/3/14,Im0A0,835801,ULTIMATE,2087,13.66%,1.57%,21.08%,9.79%,34.05%,0.44%,19.37%,0.1,1.3,0.1,0.3,0.4,0.1,0.1,0,0.2,0.1,0,19.54%,13.79%,57.47%,9.19%,0.1,0.1,3.2,2,0.5,13.9,9.5,51221,57,1080,602,1611204
116,2026/3/14,ayayan,835638,ULTIMATE,2003,10.18%,1.25%,27.50%,6.02%,30.99%,0.75%,23.27%,0.1,1.6,0.5,0.1,0.3,0.1,0.1,0,0.3,0.2,0,20.65%,22.82%,40.21%,16.30%,0.1,0,3.4,1.8,0.2,12.5,7.7,55705,50,618,1384,1793973
117,2026/3/14,jiro,835606,ULTIMATE,2072,8.42%,1.49%,9.81%,3.41%,55.52%,2.71%,18.60%,0.4,1.7,0.1,0.3,0.6,0.2,0.1,0,0.4,0.2,0.1,41.52%,49.15%,7.62%,1.69%,0,0.1,2.4,2.4,0.4,7.2,10.9,66287,193,68,1505,2157687
118,2026/3/14,Music4friends,834920,ULTIMATE,2004,15.64%,4.07%,25.43%,10.37%,26.51%,1.07%,16.88%,0.1,1.5,0.4,0.3,0.4,0.6,0.3,0,0.3,0.2,0.1,25.98%,18.11%,51.96%,3.93%,0.1,0,3.5,1.9,0.5,18.9,7.9,32744,30,1742,1680,1104768
119,2026/3/14,pc-jieba5512,834833,ULTIMATE,2160,8.73%,3.11%,18.74%,3.85%,42.23%,1.77%,21.52%,0.2,1.7,0.1,0.2,0.5,0.3,0.1,0.1,0.3,0.2,0.1,38.53%,14.67%,39.44%,7.33%,0.1,0.1,2.3,1.6,0.2,10.8,8.1,24802,0,18969,59,944910
120,2026/3/14,orarin,834527,ULTIMATE,2171,12.46%,1.25%,9.83%,7.89%,45.64%,0.66%,22.23%,0.1,1.5,0.2,0.1,0.6,0.2,0.1,0.1,0.1,0.1,0,30.76%,30.76%,33.84%,4.61%,0,0,2.5,1.3,0.3,14.8,6.2,44741,0,11816,601,1536640
121,2026/3/14,Babaaaaa,833114,ULTIMATE,2148,8.96%,1.39%,3.76%,1.81%,60.65%,4.32%,19.08%,0.6,2.1,0.1,0.3,0.9,0.2,0.1,0,0.1,0,0,21.62%,31.53%,38.73%,8.10%,0.1,0.1,2.3,1.9,0.6,6.3,8.6,42803,5,532,409,1319932
122,2026/3/14,SOL|vaio,128313,ULTIMATE,2003,16.00%,1.60%,14.00%,8.44%,34.85%,2.19%,22.89%,0.3,2.4,0.4,0.2,1.1,0.2,0.1,0,0.2,0.1,0,29.26%,23.17%,40.24%,7.31%,0.1,0,2,1.7,0.4,16,7.8,44098,0,20025,1962,1646025
123,2026/3/14,すーも。,831840,ULTIMATE,2050,12.01%,0.79%,22.97%,6.69%,26.11%,0.55%,30.85%,0.1,1.4,0.4,0.1,1,0.1,0,0,0.1,0.1,0,26.58%,15.18%,41.77%,16.45%,0.1,0,1.7,3.4,0.7,7.7,13.9,23694,2165,1618,7115,1123808
124,2026/3/14,m1Ng,137995,GRAND,1700,14.42%,2.39%,19.06%,8.03%,36.29%,0.37%,19.39%,0,2,0.2,0.3,0.5,0.3,0.1,0.1,0.2,0.1,0.1,33.33%,26.04%,29.16%,11.45%,0.1,0.1,1.9,2.7,0.5,10.2,9.5,38439,5,102,784,1226895
125,2026/3/14,Sekiganryu,830956,ULTIMATE,2038,7.39%,1.37%,30.60%,2.37%,25.82%,2.57%,29.85%,0.3,1.5,0.1,0.2,0.4,0.2,0.1,0.1,0.2,0.1,0,47.54%,16.39%,22.95%,13.11%,0.1,0,1.1,2.1,0.7,5.1,10.4,42542,87,1730,2144,1406354
126,2026/3/14,Pipokun,830326,ULTIMATE,2139,12.47%,1.46%,27.83%,6.98%,24.95%,1.75%,24.53%,0.2,1.5,0.4,0.4,0.3,0.1,0.1,0,0.2,0.1,0.1,27.27%,14.14%,52.52%,6.06%,0,0,3.9,2.8,0.4,16.1,9,34959,1769,12563,7715,1598366
127,2026/3/14,アッキー,830190,ULTIMATE,2082,15.62%,0.98%,26.81%,7.91%,23.81%,0.24%,24.59%,0,2.6,0.3,0.2,0.5,0.2,0,0,0.2,0.1,0,22.53%,19.71%,47.88%,9.85%,0.1,0.1,3,2,0.2,10.7,12.5,37512,235,281,7737,1460417
128,2026/3/14,JYUNPEI,231708,MASTER,1556,10.78%,3.72%,20.20%,7.78%,32.08%,3.08%,22.32%,0.4,0.8,0.2,0.2,0.2,0.3,0.2,0.1,0.4,0.2,0.1,24.28%,34.28%,28.57%,12.85%,0.1,0.1,1.5,1.8,0.1,8.6,8.4,21864,1075,2076,99,749985
129,2026/3/14,ColonelBustard,17777,PLATINUM4,0,12.54%,8.14%,20.76%,9.11%,14.00%,6.00%,29.42%,0.6,1,0.1,0.1,0.1,0.6,0.4,0.3,0.7,0.5,0.2,46.42%,38.09%,9.52%,5.95%,0.1,0.1,1.6,1.8,0.2,9.3,6.8,7519,1363,265,68,287315
130,2026/3/14,Qafy,33506,MASTER,1504,12.15%,5.10%,19.71%,6.84%,31.77%,1.39%,23.03%,0.2,1.7,0.1,0.2,0.4,0.6,0.3,0.1,0.3,0.2,0.1,32.96%,16.48%,41.75%,8.79%,0.1,0,2.4,2.4,0.8,9.5,7.6,6656,3806,0,35,338321
131,2026/3/14,goldencats_ついっち,583391,ULTIMATE,1845,9.67%,2.35%,20.07%,5.32%,41.38%,0.66%,20.51%,0.1,1.4,0.2,0.2,0.4,0.2,0.1,0,0.3,0.1,0,40.56%,27.35%,22.64%,9.43%,0.1,0.1,1.6,2.3,0.6,8.4,7.3,17526,203,13713,22094,1640576
132,2026/3/14,九十九化身,26010,MASTER,0,16.88%,2.73%,16.25%,11.25%,32.81%,1.79%,18.25%,0.2,1.6,0.3,0.3,0.6,0.4,0.3,0.2,0.2,0.1,0,25.24%,19.41%,44.66%,10.67%,0.1,0,0.9,2,0.5,12.1,6.2,5663,845,14438,148,366031
133,2026/3/14,Professor-S,104494,MASTER,1541,6.28%,1.62%,41.42%,1.90%,17.96%,2.81%,27.97%,0.4,1.7,0.2,0.1,0.3,0.2,0.2,0.1,0.3,0.2,0,18.75%,15.00%,42.50%,23.75%,0,0.1,2.9,1.9,0.2,5.2,9.4,3048,16,24,250,101774
134,2026/3/14,Homura_Rui,25271,MASTER,1508,0.57%,8.19%,57.10%,0.44%,0.16%,7.04%,26.48%,0.7,0,0.1,0,0,0.5,0.2,0,0.6,0.4,0.2,6.25%,22.50%,56.25%,15.00%,0.1,0,1.9,2.2,0.1,8.9,6.1,7979,2749,0,109,332979
135,2026/3/14,えびーー,25159,MASTER,0,4.49%,0.68%,24.92%,1.99%,34.41%,1.89%,31.58%,0.2,0.8,0,0.1,0.1,0.1,0,0,0.7,0.4,0,21.05%,3.50%,61.40%,14.03%,0,0.1,1.5,2.8,0.3,9.7,11.5,5169,277,297,0,169662
136,2026/3/14,Rafters1651,25237,MASTER,0,1.31%,3.69%,55.40%,0.68%,8.31%,0.38%,30.21%,0,0.2,0.2,0,0,0.4,0.3,0.1,0.4,0.3,0,41.30%,22.82%,26.08%,9.78%,0.1,0,1.7,1.9,0.7,6.3,8.1,35,3493,136,29413,1265074
137,2026/3/14,Brandou,27016,MASTER,0,16.23%,3.36%,12.57%,10.14%,30.91%,3.13%,23.62%,0.4,1.7,0.2,0.2,0.6,0.5,0.4,0.1,0.5,0.3,0.1,38.88%,30.00%,23.33%,7.77%,0.1,0.1,2.4,2.1,0.4,11.8,7.1,13254,1157,24,4910,857500
138,2026/3/14,のぶさん,83402,MASTER,0,14.76%,2.24%,17.21%,7.73%,28.18%,0.08%,29.78%,0,1.9,0.1,0.3,0.5,0.2,0.1,0,0.4,0.1,0.1,25.64%,25.64%,33.33%,15.38%,0.1,0.1,1.8,2.8,0.3,6.5,8.4,21817,12,2021,3362,924830
139,2026/3/14,Vokint,45969,MASTER,1424,10.76%,4.52%,17.22%,6.39%,28.49%,0.35%,32.24%,0,1.3,0.3,0.2,0.1,0.4,0.2,0.1,0.4,0.3,0,31.94%,12.50%,40.27%,15.27%,0.2,0,2.3,2.5,1,12.5,9.6,17488,2434,7937,311,717128
140,2026/3/14,I K K I,145786,MASTER,0,23.90%,3.46%,9.67%,12.42%,23.59%,1.17%,25.75%,0.2,3.9,0.2,0.4,1.2,0.6,0.4,0.4,0.4,0.2,0,18.51%,16.66%,51.85%,12.96%,0.1,0,1.3,2.7,0.8,7.9,4.8,14036,1918,1220,1050,576617
141,2026/3/14,Zero Potencial,-1,,0,9.17%,7.56%,8.18%,2.56%,47.62%,1.16%,23.71%,0.1,2,0.1,0.2,0.5,0.9,0.5,0.2,0.5,0.3,0.1,48.48%,15.15%,28.78%,7.57%,0.1,0.1,2,2.1,0.1,7,7.9,4767,4085,23,2699,402875
142,2026/3/14,mwb1201,76522,MASTER,0,17.93%,3.98%,8.74%,10.56%,26.36%,0.38%,32.02%,0,2.2,0.2,0.1,0.3,0.4,0.2,0.1,0.3,0.2,0.1,45.55%,11.11%,26.66%,16.66%,0.1,0,2.6,2.1,0.5,11.2,7,6415,1834,14676,1223,483507
143,2026/3/14,腰と背中,107740,MASTER,0,17.30%,2.29%,12.12%,10.15%,30.77%,0.43%,26.91%,0,1.8,0.3,0.3,0.6,0.2,0.1,0,0.2,0.2,0.1,21.62%,2.70%,51.35%,24.32%,0.1,0.1,3.7,2.4,0.3,9.8,7.5,13974,230,0,323,450117
144,2026/3/14,PleaseJustRAGE,76497,MASTER,1417,5.02%,1.40%,9.82%,1.81%,51.34%,2.17%,28.41%,0.3,1.1,0.1,0.1,0.3,0.2,0.1,0.1,0.4,0.3,0,47.94%,8.21%,23.28%,20.54%,0,0.1,1,2.3,0.6,8.1,10.2,9188,2031,1787,118,372105
145,2026/3/14,天才チンパンジーアイちゃん,23210,DIAMOND4,0,4.15%,6.77%,14.10%,0.87%,44.34%,3.48%,26.26%,0.4,1.1,0.1,0.1,0.1,0.7,0.5,0.1,0.6,0.5,0.2,21.53%,15.38%,52.30%,10.76%,0,0.1,4.7,2.7,0.9,7.9,6.9,8732,4411,238,46,416509
146,2026/3/14,自我bot,33173,MASTER,0,12.90%,2.40%,9.45%,6.15%,48.93%,1.79%,18.34%,0.2,2.3,0.2,0.2,0.6,0.3,0.2,0.2,0.5,0.2,0,40.98%,13.11%,39.34%,6.55%,0.1,0.2,2,2.1,0.5,10.1,7.7,4958,151,3112,28,227813
147,2026/3/14,Jheshush,20479,DIAMOND2,0,12.90%,4.73%,10.19%,5.90%,42.42%,1.93%,21.89%,0.3,2.5,0.2,0.2,0.6,0.7,0.5,0.3,0.4,0.2,0.1,53.48%,17.44%,26.74%,2.32%,0.2,0.1,2.2,1.7,0.4,8,7.9,10940,666,6646,10,432150
148,2026/3/14,たるぅ。,16755,PLATINUM4,0,12.47%,0.44%,13.23%,6.91%,33.90%,0.00%,33.02%,0,2,0.1,0.3,0.4,0,0,0,0.1,0,0,21.12%,8.45%,52.11%,18.30%,0,0.1,3.6,2.7,0.3,10.8,11.9,998,18,4719,114,100984
149,2026/3/14,Brokehorn,39988,MASTER,1396,13.10%,10.37%,38.73%,5.46%,0.00%,2.64%,29.68%,0.3,1.9,0.1,0.3,0.4,0.9,0.6,0.2,0.6,0.5,0.2,38.77%,26.53%,20.40%,14.28%,0.1,0,0.8,2.4,0.6,6.5,4.1,14646,298,0,27,455442
150,2026/3/14,Shindo,19246,DIAMOND1,0,2.38%,13.16%,52.02%,0.48%,0.30%,0.61%,31.00%,0.1,0.4,0,0,0.1,0.7,0.5,0,0.7,0.5,0.3,31.42%,24.28%,24.28%,20.00%,0,0.1,2,1.5,0.2,3.3,7.8,965,22,222,60,38354
151,2026/3/14,do do,14200,PLATINUM2,0,11.06%,6.50%,21.80%,4.07%,40.44%,0.68%,15.41%,0.1,2.5,0.2,0.2,0.3,0.6,0.3,0.1,0.4,0.3,0.2,48.19%,4.81%,33.73%,13.25%,0,0.1,2.2,1.9,0.2,10.4,6.8,8355,50,260,114,282723
152,2026/3/14,namique.,26180,MASTER,0,12.03%,4.42%,14.36%,1.91%,35.24%,0.00%,32.01%,0,3.5,0.1,0.2,0.5,0.5,0.3,0.1,0.6,0.3,0.2,33.84%,3.07%,36.92%,26.15%,0.1,0.1,3.6,3.6,1.2,6.6,15.5,1760,1,1007,0,67107
153,2026/3/14,lalalalala,39467,MASTER,0,14.13%,2.19%,11.94%,7.44%,43.70%,0.35%,20.21%,0,1.8,0.3,0.3,1.1,0.3,0.3,0.1,0.3,0.2,0.1,25.55%,20.00%,46.66%,7.77%,0,0,2.3,2.4,0.6,9.4,8.8,2824,85,6518,5,179804
154,2026/3/14,scar16sw,17366,PLATINUM4,0,7.28%,12.06%,38.56%,2.24%,4.23%,0.10%,35.50%,0,1.2,0.1,0.1,0.3,0.8,0.6,0.2,0.5,0.3,0.2,20.00%,20.00%,43.33%,16.66%,0,0,3.6,3.4,1.4,6.6,5.8,1894,12,236,38,82936
155,2026/3/14,Weiyue,36086,MASTER,1421,7.56%,1.51%,17.62%,5.18%,41.26%,0.14%,26.70%,0,0.6,0.3,0.1,0,0.2,0.1,0,0.3,0.2,0,11.62%,41.86%,34.88%,11.62%,0,0.1,2.4,2.6,0.4,8.4,12.4,3912,0,933,9,135454
156,2026/3/14,lula,29563,MASTER,1443,11.87%,5.29%,15.01%,7.98%,27.90%,0.75%,31.15%,0.1,1,0.1,0.1,0.3,0.5,0.3,0.2,0.6,0.5,0.2,11.53%,19.23%,42.30%,26.92%,0.1,0.1,2.7,2.3,0.1,3.9,8.4,3419,0,0,0,115086
157,2026/3/14,Mandy_Fight,71352,MASTER,0,6.71%,4.17%,14.21%,1.99%,49.97%,0.45%,22.48%,0.1,1.4,0.1,0.3,0.2,0.5,0.4,0.1,0.5,0.3,0.1,23.52%,0.00%,58.82%,17.64%,0,0.1,2.3,2.1,0.1,9.7,5.7,9189,4922,1231,324,483162
158,2026/3/14,AlejandroDelLu,17366,PLATINUM4,0,14.06%,7.59%,18.98%,6.66%,15.28%,0.00%,37.40%,0,1.9,0.2,0.1,0.3,0.7,0.5,0.2,0.5,0.3,0.1,42.50%,30.00%,16.25%,11.25%,0.1,0.1,2.2,2.9,0.2,6.6,7,3002,54,0,212,122451
159,2026/3/14,胡力威師傅,124285,MASTER,1486,10.55%,7.14%,21.43%,4.94%,33.26%,0.74%,21.91%,0.1,1.2,0.1,0.3,0.2,0.6,0.3,0,0.4,0.3,0.2,31.81%,24.24%,34.84%,9.09%,0.2,0,1.7,2,0.4,8.4,8.9,14326,308,1301,33,476529
160,2026/3/14,みむふふむむむ,-1,,0,12.10%,4.97%,28.96%,7.76%,27.08%,3.04%,16.06%,0.4,1.5,0.1,0.2,0,0.5,0.2,0.1,0.8,0.6,0.2,48.27%,14.94%,16.09%,20.68%,0,0.1,2.6,1.9,0.2,6.2,5.9,7605,557,0,55,250560
161,2026/3/14,Azu7li,20150,DIAMOND1,0,12.26%,14.53%,28.05%,6.76%,4.67%,0.00%,33.70%,0,1.3,0.2,0.1,0.3,1.1,0.8,0.4,0.9,0.6,0.4,26.08%,44.92%,20.28%,8.69%,0.1,0,2.3,2.4,0.4,9,7.8,1983,108,1115,0,80717
162,2026/3/14,Barca,25433,MASTER,0,14.18%,1.92%,20.73%,7.89%,20.09%,1.83%,33.33%,0.2,1.8,0.1,0,0.6,0.2,0.1,0.1,0.3,0.2,0.1,17.64%,36.47%,29.41%,16.47%,0.1,0,2,1.8,0.3,9.9,8,12428,235,12829,910,586660
163,2026/3/14,MogK,59389,MASTER,1484,7.86%,2.59%,13.91%,5.35%,47.05%,1.31%,21.91%,0.2,0.6,0.5,0.1,0.1,0.1,0.1,0,0.4,0.2,0,60.71%,10.71%,17.85%,10.71%,0.1,0.2,2.2,2.5,0.4,8.7,9.9,3976,10,6925,372,228623
164,2026/3/14,ミタケー,20200,DIAMOND2,0,1.60%,5.80%,42.93%,1.30%,23.21%,1.20%,23.93%,0.1,0,0,0,0,0.5,0.2,0,0.4,0.2,0.1,43.28%,13.43%,32.83%,10.44%,0,0.1,1.5,1.1,0.2,8.1,6.3,605,39,1267,8,45092
165,2026/3/14,ぬふです,23027,DIAMOND4,0,14.87%,10.36%,21.77%,7.11%,24.94%,0.00%,20.92%,0,2.3,0.1,0.4,0.6,1.1,0.7,0.2,0.7,0.5,0.3,23.45%,12.34%,45.67%,18.51%,0.1,0,3.5,2.8,0.8,13.2,5.8,4628,11,0,0,148551
166,2026/3/14,FzFreischutz,21526,DIAMOND3,0,12.31%,9.85%,24.05%,7.99%,7.78%,3.11%,34.86%,0.3,1.2,0.3,0.2,0.3,0.9,0.4,0,0.3,0.2,0.1,40.00%,15.00%,30.00%,15.00%,0,0,3.3,4.8,0.9,4.2,16.8,5995,41,5013,132,270921
167,2026/3/14,掃除しろ進藤,24046,DIAMOND5,0,14.15%,2.18%,13.86%,7.32%,38.21%,1.24%,23.00%,0.2,2,0.1,0.2,0.5,0.3,0.3,0.2,0.2,0.2,0,11.11%,14.81%,55.55%,18.51%,0,0.1,2.6,2.1,0.2,7.9,10.8,5809,0,129,15,202061
168,2026/3/14,レッサーパンダ,18083,PLATINUM5,0,8.29%,14.34%,17.20%,2.81%,28.65%,2.35%,26.32%,0.3,1.1,0.1,0.2,0.1,1.3,0.8,0.1,0.6,0.5,0.4,22.98%,32.18%,21.83%,22.98%,0.1,0,2.8,2.5,0.4,9.8,9.4,681,377,7373,57,132540
169,2026/3/14,s_032,11178,GOLD2,0,12.21%,38.93%,14.16%,0.70%,0.00%,0.12%,33.85%,0,1.8,0,0.3,0.3,2.6,1.4,0.3,1.1,0.8,0.6,14.54%,7.27%,54.54%,23.63%,0,0,2.6,2.6,0.4,7.2,5.6,520,2,0,0,17121
170,2026/3/14,ninja,19335,DIAMOND1,0,10.59%,2.88%,10.99%,5.84%,39.14%,0.00%,30.52%,0,1.2,0.1,0.1,0.3,0.4,0.3,0.2,0.3,0.1,0,12.50%,18.75%,31.25%,37.50%,0,0,3,3.3,1.1,12,9.6,2784,0,402,0,100595
171,2026/3/14,YutaHunter,-1,,0,10.40%,11.02%,25.43%,8.40%,7.57%,0.00%,37.15%,0,0.3,0.1,0,0,0.7,0.5,0.1,1.2,0.8,0.3,21.25%,28.75%,33.75%,16.25%,0,0,1.5,3.3,0.6,6.2,4.7,1010,0,168,0,32532
172,2026/3/14,RogerJ,15124,PLATINUM2,0,12.45%,13.10%,1.39%,1.39%,1.04%,0.00%,70.61%,0,0.9,0.5,0.2,0.2,0.6,0.3,0.1,0.7,0.5,0.1,87.38%,0.00%,8.10%,4.50%,0,0,4.4,2.3,0.5,1.8,7.4,184,0,0,0,7526
173,2026/3/14,MinnaNOokage,11178,GOLD2,0,20.25%,9.58%,23.08%,7.58%,6.27%,0.00%,33.21%,0,3.3,0.1,0.1,0.2,1,0.7,0.3,0.8,0.6,0.2,42.85%,25.39%,26.98%,4.76%,0.1,0,1.9,2.4,0.2,4.1,8.3,80,1041,127,17,37443
174,2026/3/14,11eart,11178,GOLD2,0,8.63%,7.04%,15.62%,7.30%,38.81%,0.19%,22.38%,0,0.2,0.1,0,0,0.7,0.3,0.1,0.7,0.4,0.1,3.92%,0.00%,56.86%,39.21%,0,0,3.7,3,0.2,10.1,3,457,1,104,0,15282
175,2026/3/14,Imaweirdo,11178,GOLD2,0,3.33%,26.06%,13.24%,0.55%,0.00%,0.12%,56.67%,0,0.5,0.1,0,0,1.6,1.2,0.4,1.6,1.1,0.3,22.80%,43.85%,19.29%,14.03%,0,0,1.3,2.5,0.2,8.4,6.4,446,21,148,356,28116
176,2026/3/14,Maaxwellz,11768,GOLD3,0,6.49%,5.67%,6.95%,1.51%,48.45%,0.00%,30.89%,0,1.9,0.1,0,0.1,0.9,0.7,0.4,0.7,0.5,0.1,29.41%,15.29%,41.17%,14.11%,0.1,0.1,3.1,2.1,0.3,7,8.2,907,4,451,4,40757
177,2026/3/14,GeneralWarrior,10085,GOLD2,0,9.22%,19.44%,21.72%,3.72%,23.81%,0.07%,21.98%,0,1.8,0,0.3,0.1,1.9,1.1,0.2,1.5,1,0.4,39.16%,20.83%,21.66%,18.33%,0.1,0.1,1.1,2.8,0.2,6,6.9,895,936,109,189,70544
178,2026/3/14,Edwin Tucker,-1,,0,9.70%,1.62%,12.83%,3.76%,32.60%,2.82%,36.63%,0.3,1.7,0.1,0.1,0.3,0.2,0.1,0.1,0.3,0.2,0,50.00%,5.55%,19.44%,25.00%,0,0.1,2.2,4.5,0.2,4,20.2,838,0,985,465,59342
179,2026/3/14,CheesyPig,38531,MASTER,1395,16.59%,8.87%,28.02%,11.98%,13.41%,0.00%,21.10%,0,1.7,0.1,0.3,0.3,1.2,0.8,0.4,1.3,0.8,0.1,27.71%,61.44%,9.63%,1.20%,0.1,0.1,2.6,3,0.7,10.3,6.5,8659,2,14,0,280858
180,2026/3/14,the_log_ride,23932,DIAMOND5,0,7.91%,10.11%,10.49%,1.31%,27.62%,5.76%,36.77%,0.7,2.4,0.2,0.1,0.2,1.1,0.8,0.2,0.7,0.4,0.3,17.85%,10.71%,55.35%,16.07%,0.2,0,3,2.5,1.1,6.3,9.9,7511,2130,1185,4454,537776
181,2026/3/14,f0nt9,13353,PLATINUM1,0,9.98%,2.01%,9.77%,4.37%,51.00%,0.62%,22.21%,0.1,1.7,0.2,0.1,0.4,0.3,0.3,0.2,0.4,0.2,0,24.05%,39.24%,29.11%,7.59%,0,0,2,2.3,0.9,13.3,5.1,564,0,30,0,17858
182,2026/3/14,Shy Elan,12569,GOLD5,0,8.46%,12.80%,49.13%,0.01%,0.22%,7.62%,21.73%,1,2.7,0.1,0.4,0.1,1.6,1.1,0.3,1.5,1,0.3,65.18%,13.29%,13.29%,8.22%,0,0,2.9,2,0.2,6.6,4,4641,1705,5,568,248397
183,2026/3/14,Orbajo,11178,GOLD2,0,8.09%,5.64%,10.98%,3.46%,2.25%,0.90%,68.65%,0.1,0.7,0.1,0,0,0.3,0.2,0,1.7,1.2,0.1,25.00%,12.50%,37.50%,25.00%,0,0,3.3,2,0.2,2.7,7.3,2789,3549,1668,136,227435
184,2026/3/14,Evanz,7409,SILVER4,0,3.02%,33.14%,31.07%,0.00%,0.90%,3.63%,28.21%,0.4,0.6,0.1,0.3,0,3.5,2.2,0.4,1.3,0.7,0.3,53.36%,22.79%,17.09%,6.73%,0.1,0,3.4,2.7,0.3,7.7,5.4,1038,14,11,0,31117
185,2026/3/14,赤髪コジー,11178,GOLD2,0,15.40%,8.14%,16.15%,3.79%,1.23%,0.00%,55.25%,0,2,0.1,0.3,0,0.5,0.3,0.1,1.3,0.9,0.1,0.00%,10.29%,72.05%,17.64%,0,0,3.1,2.5,0.2,2.5,7.9,2493,2751,8,0,158347
186,2026/3/14,Rcdoi.,-1,,0,5.28%,12.44%,40.33%,2.69%,4.60%,0.00%,34.62%,0,0.4,0.5,0,0,1.4,0.6,0.1,1.3,1,0.7,86.36%,2.72%,7.27%,3.63%,0,0,2.2,1.7,0.1,4.6,3,884,69,662,2,44419
187,2026/3/14,salistoir,16542,PLATINUM3,0,3.25%,21.22%,32.84%,0.00%,6.36%,0.10%,36.20%,0,0.5,0.1,0.1,0.1,1.5,1,0.1,1.3,0.8,0.3,38.04%,35.86%,22.82%,3.26%,0,0.1,2.1,2.7,0.6,4.2,5,1307,0,0,0,48403
188,2026/3/14,Wyatt,-1,,0,10.02%,37.41%,2.82%,0.07%,11.43%,1.38%,36.85%,0.1,1.8,0,0.5,0,2.8,1.6,0.4,2,1.4,0.6,25.00%,7.69%,44.23%,23.07%,0,0.1,2.3,3.2,0.4,4.1,5.8,28,0,89,7,2105
189,2026/3/14,狐色シンフォニー,17831,PLATINUM5,0,3.53%,4.95%,67.50%,1.11%,0.00%,0.00%,22.89%,0,0.6,0.4,0,0.1,0.4,0.2,0.1,0.4,0.1,0,47.36%,21.92%,18.42%,12.28%,0,0,3.2,2.4,0.5,4,12,3065,3,1064,13,110703
190,2026/3/14,************,14218,PLATINUM2,0,8.03%,10.69%,25.43%,2.62%,13.40%,0.17%,39.64%,0,0.6,0.3,0.1,0.1,1,0.6,0.3,1,0.6,0.1,60.86%,17.39%,13.04%,8.69%,0,0,2.3,3.3,0.6,4.3,8.6,2265,156,8,0,78877
191,2026/3/14,kumotten,-1,,0,2.53%,18.30%,46.45%,1.18%,0.00%,0.30%,31.21%,0,0.2,0,0.1,0,1.5,1.1,0.4,1.2,0.8,0.3,25.55%,28.88%,36.66%,8.88%,0,0,2.1,2.7,0.2,3.9,5.2,94,0,203,1,6190
192,2026/3/14,super已哭,12821,GOLD5,0,9.84%,15.32%,44.34%,7.08%,1.43%,0.19%,21.76%,0,0.4,0.1,0,0.1,1.3,0.8,0.1,0.9,0.6,0.2,44.00%,17.00%,27.00%,12.00%,0,0.1,2.3,1.5,0.1,5.8,5.1,652,0,58,0,21986
193,2026/3/14,PaulReedSuichan,13080,PLATINUM1,0,3.44%,6.96%,35.15%,2.18%,30.92%,0.17%,21.15%,0,0.1,0.1,0,0,0.6,0.4,0.1,0.5,0.4,0.1,52.17%,8.69%,23.91%,15.21%,0,0,2.9,2.2,0.6,8.5,3.7,2538,17,0,0,96244
194,2026/3/14,銀鱗22,12459,GOLD5,0,15.17%,15.37%,13.79%,10.02%,19.20%,2.43%,23.99%,0.3,1.8,0.1,0.4,0.2,1.2,0.8,0.3,0.8,0.6,0.3,44.73%,3.94%,35.52%,15.78%,0,0,4.8,2.3,0.5,9,6.3,4219,90,27,64,152941
195,2026/3/14,ZeROz1,5000,SILVER1,0,4.46%,9.67%,61.02%,0.87%,0.20%,5.34%,18.41%,0.8,0.9,0.1,0.1,0,1,0.6,0,2.1,1.2,0.1,82.03%,8.59%,6.25%,3.12%,0,0.1,2.1,2.8,0.1,7.3,6.1,508,240,4,0,25610
196,2026/3/14,The Rock,30007,MASTER,0,22.99%,5.18%,23.57%,11.03%,0.00%,11.98%,25.21%,1.2,2.5,0.1,0.3,0.4,0.3,0.3,0,0.8,0.5,0.2,6.66%,24.44%,40.00%,28.88%,0,0.1,2.5,1.6,0.1,1.9,11.4,2904,16,330,900,150014
197,2026/3/14,别迸我 我是反迸发大王,11419,GOLD3,0,20.50%,16.03%,11.48%,18.67%,0.68%,0.11%,32.50%,0,0.3,0,0.1,0,1,0.5,0.3,1.3,0.6,0.2,12.96%,22.22%,46.29%,18.51%,0.1,0,2.7,1.7,0.1,4.2,7.5,2157,8,0,9,65487
198,2026/3/14,Zero525,10136,GOLD2,0,7.88%,25.63%,34.43%,5.63%,0.00%,0.09%,26.31%,0,0.3,0.2,0.1,0.1,1.6,0.9,0.2,1.2,0.8,0.5,9.52%,19.04%,47.61%,23.80%,0.1,0.1,2.4,2.3,0.3,13,6.4,1279,15,571,63,48891
199,2026/3/14,Matoi,5000,SILVER1,0,11.13%,22.10%,18.27%,1.28%,2.98%,0.62%,43.58%,0.1,2.1,0.4,0.3,0.1,1.6,0.9,0.1,1.7,1,0.2,53.24%,31.81%,9.09%,5.84%,0,0,3.7,2.6,0.3,6.1,3.7,48,2,53,31,6722
200,2026/3/14,Cry_,14030,PLATINUM1,0,5.17%,4.64%,51.35%,2.77%,2.92%,0.00%,33.11%,0,0.5,0.1,0.1,0,0.3,0.3,0.2,1.1,0.8,0.1,64.00%,19.00%,8.00%,9.00%,0,0,1.1,2.5,0.1,5.3,4.8,22129,125,909,175,741285
201,2026/3/14,otkm64,5000,SILVER1,0,14.88%,6.26%,26.07%,7.16%,13.55%,0.10%,31.95%,0,1.6,0,0.1,0.4,0.6,0.5,0.4,0.6,0.3,0,11.94%,4.47%,59.70%,23.88%,0.1,0,2,2.9,0.4,3.8,7.4,388,0,0,0,40187
202,2026/3/14,ankh,67139,MASTER,1349,12.20%,17.89%,24.51%,5.86%,6.36%,3.41%,29.75%,0.3,1.3,0.1,0.2,0.1,1.4,0.8,0.2,0.8,0.6,0.4,21.73%,10.14%,50.72%,17.39%,0.1,0.1,1.7,1.9,0.2,7,8.2,4477,34,3148,23,174391
203,2026/3/14,うえはらきら,6725,SILVER3,0,5.48%,17.65%,19.34%,1.98%,17.14%,3.96%,34.43%,0.4,0.6,0.3,0,0.1,1.2,0.7,0.2,1.1,0.7,0.3,28.57%,14.28%,28.57%,28.57%,0,0,3.3,2.6,0.3,8.5,5.3,416,0,407,0,18879
204,2026/3/14,KFCvme30,46622,MASTER,0,18.27%,5.60%,10.55%,8.64%,28.82%,1.31%,26.78%,0.2,2.8,0.1,0.6,0.1,0.6,0.3,0.1,0.5,0.3,0,2.22%,8.88%,55.55%,33.33%,0.2,0,1.7,2.9,0.8,5.9,8,3346,579,268,278,139834
205,2026/3/14,testarossa,12899,GOLD5,0,20.06%,4.85%,34.47%,10.72%,1.66%,0.09%,28.12%,0,2.5,0.1,0.5,0.4,0.5,0.2,0.1,0.6,0.4,0.1,35.48%,12.90%,38.70%,12.90%,0,0,3.8,2.3,0.3,5.1,5.1,1308,0,16,0,45660
206,2026/3/14,keeth,6020,SILVER2,0,4.47%,26.89%,42.73%,0.10%,0.00%,2.44%,23.33%,0.3,0.9,0,0.2,0,2.6,1.8,0.2,1.9,1.3,0.3,25.00%,0.00%,52.08%,22.91%,0,0.1,1.6,3.1,0.2,3.5,4.2,595,26,0,45,38651
207,2026/3/14,Kingdoom,-1,,0,5.23%,25.10%,11.30%,0.00%,10.06%,1.73%,46.54%,0.2,0.4,0.1,0.2,0,2.1,1.2,0.1,2.1,1.2,0.2,67.34%,12.24%,6.12%,14.28%,0.1,0,1.2,2.4,0,2.7,4.7,13,31,1,0,2613
208,2026/3/14,dinoxalex,-1,,0,6.44%,24.87%,26.77%,0.00%,0.16%,4.80%,36.93%,0.4,0.9,0.2,0.2,0.1,1.8,1.1,0.4,1.9,1.4,0.6,26.08%,3.26%,43.47%,27.17%,0.1,0,1.8,2.2,0,11.2,4.6,21,0,20,288,18840
209,2026/3/14,pitendo,2190,IRON3,0,2.91%,43.20%,5.50%,1.16%,2.61%,0.36%,44.22%,0,0.1,0.2,0,0,5.2,2.8,0.3,1.8,1.3,0.4,4.61%,4.61%,38.46%,52.30%,0.1,0,7.6,2.7,0.8,7.6,5.3,108,15,0,3,6526
210,2026/3/14,Purple_Glitch,50,ROOKIE1,0,26.22%,14.32%,5.03%,0.00%,0.00%,8.90%,45.51%,0.8,4.7,0,0.9,0.1,1.2,0.7,0,2,1.1,0.2,94.44%,3.70%,1.85%,0.00%,0,0,2.5,2.8,0.2,3.5,5.7,19,0,0,7,1337
211,2026/3/14,Noneotherthan,50,ROOKIE1,0,29.70%,5.56%,5.09%,0.00%,0.28%,0.00%,59.35%,0,2.3,0.1,0.3,0.1,0.1,0.1,0,1.7,0.7,0.1,88.00%,6.66%,1.33%,4.00%,0,0,1.5,2.6,0.1,1.7,12,49,50,0,0,8688
212,2026/3/14,きくちん,-1,,0,11.15%,42.18%,0.00%,0.73%,1.10%,2.75%,42.07%,0.2,1.5,0.3,0.3,0,3.6,2,0.3,2.7,1.4,0.3,84.48%,5.17%,6.89%,3.44%,0,0,2.9,2.5,0.1,3.7,4.3,46,1,16,0,1980
213,2026/3/14,BossKonaSegway,50,ROOKIE1,0,6.01%,36.14%,21.74%,0.06%,0.56%,5.65%,29.81%,0.4,0.8,0,0.2,0.1,2.4,1.3,0,0.3,0.1,0,80.26%,9.21%,6.57%,3.94%,0,0,2,3.7,0.1,4.4,3.2,22,0,156,108,6424
214,2026/3/14,Watermelon,19020,DIAMOND1,0,8.20%,4.29%,24.57%,6.05%,2.90%,0.00%,53.96%,0,0.5,0,0,0,0.3,0.2,0.1,0.5,0.3,0,33.33%,39.39%,21.21%,6.06%,0.1,0,1.1,2,0.2,8.8,9.4,849,3,0,645,129187
215,2026/3/14,Racoune,5000,SILVER1,0,2.38%,45.73%,9.96%,0.00%,0.13%,5.09%,36.67%,0.6,0.4,0.2,0,0,4.6,2.5,0.8,1.9,1.2,0.4,44.44%,1.85%,44.44%,9.25%,0.1,0,5.8,3.7,0.5,6.7,3.7,282,0,0,0,8606
216,2026/3/14,守营失去陈伯,-1,,0,1.79%,10.34%,62.25%,0.46%,0.66%,1.86%,22.60%,0.2,0.2,0.1,0,0,1.3,0.6,0.1,1.7,0.6,0,13.55%,38.98%,23.72%,23.72%,0.1,0,2.6,2.6,0.2,10.5,5.7,15,0,77,0,3308
217,2026/3/14,一罐可乐,50,ROOKIE1,0,16.56%,17.22%,36.16%,0.00%,3.87%,1.72%,24.45%,0.2,1.8,0,0.2,0,2.8,1.1,0.2,2,1,0.1,81.81%,9.09%,9.09%,0.00%,0,0.1,0.4,0.9,0,7.2,9.1,10,0,0,0,1584
218,2026/3/14,白云朝下,-1,,0,1.61%,35.89%,9.94%,0.00%,0.00%,23.31%,29.23%,2.5,0.1,0.4,0,0,5,1.4,0,1.6,0.9,0.4,91.01%,6.74%,2.24%,0.00%,0,0,7.7,1,0,2.5,18.2,19,0,0,8,1271
219,2026/3/14,Panther,-1,,0,23.08%,39.53%,7.49%,0.00%,0.00%,3.32%,26.55%,0.3,1,0,0.5,0.2,4.2,1.9,0.2,2.5,1.5,0.4,90.90%,9.09%,0.00%,0.00%,0,0.1,0.5,3,0,2.2,9,13,0,0,0,1498
220,2026/3/14,Partridge,-1,,0,0.37%,68.40%,1.20%,0.00%,0.00%,0.54%,29.47%,0.1,0,0.6,0,0,5.2,2.5,0.4,1.7,1.1,0.8,98.80%,1.19%,0.00%,0.00%,0.1,0,5.8,3.6,0.3,6.9,2.7,11,87,0,97,10177
221,2026/3/14,aZombieDictator,50,ROOKIE1,0,3.62%,25.32%,27.22%,0.00%,0.00%,0.94%,42.87%,0,0.1,0,0,0,1.3,0.7,0.2,1.8,0.8,0.1,72.72%,9.09%,9.09%,9.09%,0,0,1.5,2.5,0,2.1,10.5,25,17,0,3,2959
222,2026/3/14,ファイナルゆうた,0,ROOKIE1,0,7.06%,3.52%,42.54%,3.83%,5.38%,0.55%,37.09%,0,0.5,0.1,0.1,0.2,0.3,0.2,0.2,0.3,0.2,0,10.86%,10.86%,67.39%,10.86%,0.1,0,1.3,1.7,0.6,12.3,5.1,1035,12,57,0,32714
223,2026/3/14,mhsnc,1011,IRON1,0,5.62%,44.48%,5.27%,0.02%,5.39%,4.43%,34.76%,0.5,0.5,0.1,0.2,0,6.2,3.5,0.6,3,1.7,0.7,57.14%,32.85%,5.71%,4.28%,0,0,5.5,3.1,0.3,5.7,6,106,5,0,0,5000
224,2026/3/14,我真会打吗,514,ROOKIE3,0,7.59%,40.19%,3.01%,0.05%,2.34%,5.24%,41.54%,0.5,0.6,0.4,0.1,0.1,4.3,2.3,0.5,3.9,1.9,0.5,81.57%,15.78%,2.63%,0.00%,0,0,5.9,4,0.4,4.6,7.7,61,28,0,1,3346
225,2026/3/14,Shadwww,-1,,0,2.64%,18.82%,39.99%,0.00%,0.00%,1.26%,37.26%,0.1,0.5,0,0,0,1,0.5,0,1.1,0.6,0.1,57.77%,22.22%,12.22%,7.77%,0,0,0.9,1.7,0.1,2.2,12.1,16,18,0,217,174762
226,2026/3/14,Roal666,50,ROOKIE1,0,4.43%,15.31%,18.91%,1.01%,0.00%,0.45%,59.86%,0,0.2,0,0,0,0.6,0.4,0.1,2.5,1,0.1,73.68%,21.05%,0.00%,5.26%,0,0,0.4,2.4,0,2.2,2.8,24,16,0,2,3957
